MPI_Ranks,Threads_Per_Rank,Matrix_Size,Time
2,1,20,0.000055
2,2,20,0.000082
2,4,20,0.000092
2,8,20,0.000133
2,16,20,0.000244
2,1,100,0.002206
2,2,100,0.002346
2,4,100,0.002392
2,8,100,0.002375
2,16,100,0.002403
2,1,500,0.343436
2,2,500,0.340244
2,4,500,0.339042
2,8,500,0.352088
2,16,500,0.340405
