MPI_Ranks,Threads_Per_Rank,Matrix_Size,Time
1,1,20,0.000068
1,2,20,0.000074
1,4,20,0.000092
1,8,20,0.000153
1,16,20,0.000244
1,1,100,0.004152
1,2,100,0.004212
1,4,100,0.004157
1,8,100,0.004115
1,16,100,0.004144
1,1,500,0.647984
1,2,500,0.644901
1,4,500,0.650380
1,8,500,0.660881
1,16,500,0.626859
