MPI_Ranks,Threads_Per_Rank,Matrix_Size,Time
4,1,20,0.000059
4,2,20,0.004852
4,4,20,0.002018
4,8,20,0.026148
4,16,20,0.036012
4,1,100,0.001144
4,2,100,0.002190
4,4,100,0.000702
4,8,100,0.027681
4,16,100,0.026050
4,1,500,0.144397
4,2,500,0.072204
4,4,500,0.036356
4,8,500,0.049489
4,16,500,0.043424
